<?xml version="1.0" encoding="UTF-8"?>
<project-private xmlns="http://www.netbeans.org/ns/project-private/1">
    <editor-bookmarks xmlns="http://www.netbeans.org/ns/editor-bookmarks/2" lastBookmarkId="0"/>
    <open-files xmlns="http://www.netbeans.org/ns/projectui-open-files/2">
        <group>
            <file>file:/E:/Projects/StudentManagementSystem/src/database/MyConnection.java</file>
            <file>file:/E:/Projects/StudentManagementSystem/src/student/Result.java</file>
            <file>file:/E:/Projects/StudentManagementSystem/src/student/Student.java</file>
            <file>file:/E:/Projects/StudentManagementSystem/src/student/Log_in.java</file>
            <file>file:/E:/Projects/StudentManagementSystem/src/student/Main_Menu.java</file>
            <file>file:/E:/Projects/StudentManagementSystem/src/student/Marks.java</file>
            <file>file:/E:/Projects/StudentManagementSystem/src/student/Course.java</file>
        </group>
    </open-files>
</project-private>
